page,scenario,repeat,fetchTime,score,fcp_ms,lcp_ms,tbt_ms,cls,bytes,requests
ankle,baseline,1,2026-09-27T16:53:56.686Z,56.00000000000001,2833.6697399999994,3382.45096,2171.999999999998,0.0006610228939380351,3188944,309
ankle,no-pumper,1,2026-09-27T16:54:33.235Z,41.0,2669.828,17568.263,2293.935,0.0002371993736619971,2613836,273
ankle,no-upcart,1,2026-09-27T16:54:58.864Z,60.0,2650.2014999999997,2950.201499999999,2211,0.0002371993736619971,2955953,291
ankle,no-tracking,1,2026-09-27T16:55:32.961Z,63.0,2777.2112,3409.3836799999995,926.1866399999999,0.0006616605266629329,2791615,254
crew,baseline,1,2026-09-27T16:55:56.452Z,55.00000000000001,2660.5665,3396.2925000000005,2579.4999999999986,0.00260914943680766,2778259,287
crew,no-pumper,1,2026-09-27T16:56:27.537Z,69.0,2433.3295,3244.5795,832.5,0.00024214455475288026,2241342,260
crew,no-upcart,1,2026-09-27T16:56:50.394Z,70.0,1794.3200000000002,1886.3200000000002,1633.499999999999,0.0006610228939380351,2633172,293
crew,no-tracking,1,2026-09-27T16:57:19.217Z,64.0,2823.87964,2981.89456,1145,0.0006610228939380351,2373243,230
ankle,no-pumper,2,2026-09-27T16:57:39.162Z,44.0,4327.63268,17856.904149999995,762.5,0.001200833307448774,2692515,296
ankle,no-upcart,2,2026-09-27T16:58:03.423Z,62.0,2769.0824700000003,2926.9962600000003,1490.195840000003,0.0002371993736619971,3015225,303
ankle,no-tracking,2,2026-09-27T16:58:30.010Z,68.0,2673.6059999999998,2920.6059999999998,937.8400000000001,0.0002371993736619971,2798029,258
ankle,baseline,2,2026-09-27T16:58:52.327Z,60.0,2745.6589999999997,2895.6589999999997,2078.5,0.0006610228939380351,3163341,299
crew,no-pumper,2,2026-09-27T16:59:22.957Z,69.0,2601.7023,2981.558,821.5,0.0006616605266629329,2434606,296
crew,no-upcart,2,2026-09-27T16:59:47.848Z,59.0,2660.0115,3362.746,1806.5,0.0006610228939380351,2711274,305
crew,no-tracking,2,2026-09-27T17:00:16.507Z,67.0,2797.10031,3173.27535,836.3890799999999,0.0006610228939380351,2405056,242
crew,baseline,2,2026-09-27T17:00:40.126Z,59.0,2737.255,3037.255,1966.000000000001,0.0002371993736619971,2781692,288
ankle,no-upcart,3,2026-09-27T17:01:07.001Z,59.0,2171.7314100000003,3355.6533700000005,2079.5000000000036,0.0006610228939380351,3038724,317
ankle,no-tracking,3,2026-09-27T17:01:37.163Z,67.0,1961.67796,2811.9964200000004,1345.499999999999,0.0006616605266629329,2792997,255
ankle,baseline,3,2026-09-27T17:01:59.167Z,67.0,1920.99132,2749.1228499999997,1327.4999999999982,0.0006616605266629329,3169622,302
ankle,no-pumper,3,2026-09-27T17:02:25.494Z,70.0,2614.54543,2963.776445,813.8755624999994,0.0006616605266629329,2700352,296
crew,no-upcart,3,2026-09-27T17:02:53.119Z,64.0,2643.1014999999998,2943.1014999999998,1379.5,0.0002371993736619971,2603370,284
crew,no-tracking,3,2026-09-27T17:03:16.158Z,68.0,2709.9351400000005,2868.9775000000004,975.0210399999996,0.0006616605266629329,2401434,240
crew,baseline,3,2026-09-27T17:03:36.542Z,62.0,2821.57906,2980.22848,1221.8538200000003,0.0006610228939380351,2641211,248
crew,no-pumper,3,2026-09-27T17:03:58.271Z,67.0,2642.8210200000003,3057.2323400000005,940.5000000000018,0.0006610228939380351,2327617,287
